<?xml version="1.0" encoding="UTF-8"?><!--
        *** GENERATED FROM jax-ws.xml - DO NOT EDIT !                             ***
        *** TO MODIFY wsimport options USE Web Service node -> Edit WS Attributes ***
        *** TO CHANGE TARGETS GENERATED TO jaxws-build.xml COPY THOSE             ***
        *** TARGETS TO ../build.xml AND MODIFY THAT FILE INSTEAD                  ***

        --><project xmlns:xalan="http://xml.apache.org/xslt" xmlns:j2seproject3="http://www.netbeans.org/ns/j2se-project/3" xmlns:jaxws="http://www.netbeans.org/ns/jax-ws/1">
    <!--
                ===================
                JAX-WS WSIMPORT SECTION
                ===================
            -->
    <target name="wsimport-init" depends="init">
        <mkdir dir="${build.generated.sources.dir}/jax-ws"/>
        <taskdef name="wsimport" classname="com.sun.tools.ws.ant.WsImport">
            <classpath path="${libs.jaxws21.classpath}"/>
        </taskdef>
    </target>
    <target name="wsimport-client-Service1" depends="wsimport-init">
        <mkdir dir="${build.generated.dir}/jax-wsCache/Service1"/>
        <property name="wsdl-Service1" location="xml-resources/web-service-references/Service1/wsdl/127.0.0.1/Service1.svc.wsdl"/>
        <wsimport sourcedestdir="${build.generated.dir}/jax-wsCache/Service1" destdir="${build.generated.dir}/jax-wsCache/Service1" wsdl="${wsdl-Service1}" catalog="catalog.xml" encoding="${source.encoding}" extension="true" verbose="true" wsdlLocation="http://127.0.0.1/Service1.svc?wsdl" xnocompile="true" xendorsed="true">
            <depends file="${wsdl-Service1}"/>
            <produces dir="${build.generated.dir}/jax-wsCache/Service1"/>
        </wsimport>
        <copy todir="${build.generated.sources.dir}/jax-ws">
            <fileset dir="${build.generated.dir}/jax-wsCache/Service1">
                <include name="**/*.java"/>
            </fileset>
        </copy>
    </target>
    <target name="wsimport-client-clean-Service1" depends="-init-project">
        <delete dir="${build.generated.dir}/jax-wsCache/Service1"/>
        <delete dir="${build.generated.sources.dir}/jax-ws/org/tempuri"/>
    </target>
    <target name="wsimport-client-generate" depends="wsimport-client-Service1"/>
</project>
